{
  "hash": "d5a83571",
  "configHash": "2102d3db",
  "lockfileHash": "88afa3d0",
  "browserHash": "b211e903",
  "optimized": {
    "@angular/common": {
      "src": "../../../../../../node_modules/@angular/common/fesm2022/common.mjs",
      "file": "@angular_common.js",
      "fileHash": "94fca193",
      "needsInterop": false
    },
    "@angular/core": {
      "src": "../../../../../../node_modules/@angular/core/fesm2022/core.mjs",
      "file": "@angular_core.js",
      "fileHash": "c4551563",
      "needsInterop": false
    },
    "@angular/fire/compat": {
      "src": "../../../../../../node_modules/@angular/fire/fesm2022/angular-fire-compat.mjs",
      "file": "@angular_fire_compat.js",
      "fileHash": "c1445e6c",
      "needsInterop": false
    },
    "@angular/fire/compat/auth": {
      "src": "../../../../../../node_modules/@angular/fire/fesm2022/angular-fire-compat-auth.mjs",
      "file": "@angular_fire_compat_auth.js",
      "fileHash": "f84af1ec",
      "needsInterop": false
    },
    "@angular/fire/compat/firestore": {
      "src": "../../../../../../node_modules/@angular/fire/fesm2022/angular-fire-compat-firestore.mjs",
      "file": "@angular_fire_compat_firestore.js",
      "fileHash": "568df888",
      "needsInterop": false
    },
    "@angular/forms": {
      "src": "../../../../../../node_modules/@angular/forms/fesm2022/forms.mjs",
      "file": "@angular_forms.js",
      "fileHash": "e805448c",
      "needsInterop": false
    },
    "@angular/material/tabs": {
      "src": "../../../../../../node_modules/@angular/material/fesm2022/tabs.mjs",
      "file": "@angular_material_tabs.js",
      "fileHash": "ba17e1d3",
      "needsInterop": false
    },
    "@angular/platform-browser": {
      "src": "../../../../../../node_modules/@angular/platform-browser/fesm2022/platform-browser.mjs",
      "file": "@angular_platform-browser.js",
      "fileHash": "8c40e72d",
      "needsInterop": false
    },
    "@angular/platform-browser/animations": {
      "src": "../../../../../../node_modules/@angular/platform-browser/fesm2022/animations.mjs",
      "file": "@angular_platform-browser_animations.js",
      "fileHash": "18711fe4",
      "needsInterop": false
    },
    "@angular/router": {
      "src": "../../../../../../node_modules/@angular/router/fesm2022/router.mjs",
      "file": "@angular_router.js",
      "fileHash": "d33065e9",
      "needsInterop": false
    },
    "aos": {
      "src": "../../../../../../node_modules/aos/dist/aos.js",
      "file": "aos.js",
      "fileHash": "2513434d",
      "needsInterop": true
    },
    "ngx-toastr": {
      "src": "../../../../../../node_modules/ngx-toastr/fesm2022/ngx-toastr.mjs",
      "file": "ngx-toastr.js",
      "fileHash": "0e68f833",
      "needsInterop": false
    },
    "rxjs": {
      "src": "../../../../../../node_modules/rxjs/dist/esm5/index.js",
      "file": "rxjs.js",
      "fileHash": "e5d226d8",
      "needsInterop": false
    },
    "rxjs/operators": {
      "src": "../../../../../../node_modules/rxjs/dist/esm5/operators/index.js",
      "file": "rxjs_operators.js",
      "fileHash": "5b20aa6c",
      "needsInterop": false
    }
  },
  "chunks": {
    "index.esm-LMZ6GNUX": {
      "file": "index__esm-LMZ6GNUX.js"
    },
    "chunk-MFW3FK7M": {
      "file": "chunk-MFW3FK7M.js"
    },
    "chunk-7WWKB3WZ": {
      "file": "chunk-7WWKB3WZ.js"
    },
    "chunk-V56UJ5JQ": {
      "file": "chunk-V56UJ5JQ.js"
    },
    "chunk-LWBU6SFC": {
      "file": "chunk-LWBU6SFC.js"
    },
    "chunk-ULYJZCS7": {
      "file": "chunk-ULYJZCS7.js"
    },
    "chunk-S5MGYI6Y": {
      "file": "chunk-S5MGYI6Y.js"
    },
    "chunk-47OK3O7N": {
      "file": "chunk-47OK3O7N.js"
    },
    "chunk-2PLMSQS5": {
      "file": "chunk-2PLMSQS5.js"
    },
    "chunk-RXHGX2UO": {
      "file": "chunk-RXHGX2UO.js"
    },
    "chunk-YSN7JSTZ": {
      "file": "chunk-YSN7JSTZ.js"
    },
    "chunk-P4UHYYRR": {
      "file": "chunk-P4UHYYRR.js"
    },
    "chunk-IGY35UNU": {
      "file": "chunk-IGY35UNU.js"
    },
    "chunk-IYEYSCYL": {
      "file": "chunk-IYEYSCYL.js"
    },
    "chunk-DZ7BV6I4": {
      "file": "chunk-DZ7BV6I4.js"
    }
  }
}